[
	// Starter Buildings
	{
		"name": "Palace",
		"isNationalWonder": true,
		"culture": 2,
		"science": 4,
		"production": 4,
		"gold": 8,
		"happiness": 1,
		"cost": 1,
		"uniques": ["Indicates the capital city"]
	},
	{
		"name": "Monument",
		"culture": 4,
		"cost": 50,
		"maintenance": 2,
		"requiredTech": "Civil Industry"
	},
	{
		"name": "Civil Factory",
		"production": 6,
		"cost": 60,
		"percentStatBonus": {"production": 10},
		"specialistSlots": {"production": 2},
		"maintenance": 3,
		"requiredTech": "Civil Industry"
	},
	{
		"name": "Park",
		"happiness": 5,
		"culture": 2,
		"gold": 6,
		"maintenance": 1,
		"requiredTech": "Civil Industry"
	},
	{
		"name": "Great War Laboratory",
		"percentStatBonus": {"science": 1},
		"specialistSlots": {"science": 2},
		"cost": 75,
		"maintenance": 3,
		"requiredTech": "Science"
	},
	{
		"name": "Military Factory 1936",
		"percentStatBonus": {"production": 2.5},
		"specialistSlots": {"production": 2},
		"production": 3,
		"cost": 90,
		"maintenance": 3,
		"requiredTech": "Militarized Industry"
	},
	{
		"name": "Laboratory 1936"
		"requiredBuilding": "Great War Laboratory",
		"requiredTech": "Laboratory 1936",
		"science": 10
		"maintenance": 4,
		"cost": 85
	},
	{
		"name": "Military Academy",
		"xpForNewUnits": 15,
		"hurryCostModifier": 0,
		"maintenance": 1,
		"requiredTech": "Ground Forces"
	},
	{
		"name": "Seaport",
		"hurryCostModifier": 25,
		"maintenance": 2,
		"uniques": ["[+1 Production, +1 Gold] from [Water resource] tiles in this city","Must be next to [Coast]", "+[15]% production when building [naval units] in this city"],
		"requiredTech": "Navy"
	},
	{
		"name": "Arsenal",
		"cityStrength": 6,
		"hurryCostModifier": 25,
		"maintenance": 1,
		"requiredTech": "Militarized Industry"
	},
	{
		"name": "Airport",
		"hurryCostModifier": 25,
		"requiredTech": "Aviation",
		"maintenance": 2
	},
]
