[

	{
		"name": "Farm",
		"terrainsCanBeBuiltOn": ["Plains","Grassland","Desert","Flood plains"],
		"food": 1,
		"turnsToBuild": 7,
		"techRequired": "Implementation Of The War Economy",
	},
	{
		"name": "Lumber mill",
		"terrainsCanBeBuiltOn": ["Forest"],
		"production": 1,
		"turnsToBuild": 7,
		"techRequired": "Implementation Of The War Economy",
	},
	{
		"name": "Mine",
		"terrainsCanBeBuiltOn": ["Hill"],
		"production": 1,
		"turnsToBuild": 7,
		"techRequired": "Implementation Of The War Economy",
	},
	{
		"name": "Trading post",
		"terrainsCanBeBuiltOn": ["Plains","Grassland","Desert","Hill","Tundra","Forest","Jungle","Flood plains"],
		"gold": 1,
		"turnsToBuild": 7,
		"techRequired": "Laboratory 1936",
	},

	// Resource-specific
	{
		"name": "Camp",
		"resourceTerrainAllow": ["Forest"],
		"turnsToBuild": 7,
		"techRequired": "Laboratory 1936",
	},
	{
		"name": "Oil well",
		"turnsToBuild": 9,
		"techRequired": "Laboratory 1936"
	},
	{
		"name": "Pasture",
		"turnsToBuild": 8,
		"techRequired": "Conventional Army",
	},
	{
		"name": "Plantation",
		"turnsToBuild": 6,
		"gold": 1,
		"techRequired": "Mechanized Army",
	},
	{
		"name": "Quarry",
		"turnsToBuild": 8,
		"techRequired": "Mechanized Army",
	},
	{
		"name": "Fishing Boats",
		"terrainsCanBeBuiltOn": ["Coast"],
		"food": 1,
		"techRequired": "Light Fleet",
	},

	// Military improvement
	{
		"name": "Fort",
		"terrainsCanBeBuiltOn": ["Plains","Grassland","Desert","Hill","Tundra","Snow","Forest","Jungle"],
		"turnsToBuild": 6,
		"techRequired": "Conventional Army",
	},

	// Transportation
	{
		"name": "Road",
		"turnsToBuild": 4,
		"techRequired": "Medium Fleet",
	},
	{
		"name": "Railroad",
		"turnsToBuild": 4,
		"techRequired": "Medium Fleet",
	},

	// Removals
	{
		"name": "Remove Forest",
		"turnsToBuild": 4,
		"terrainsCanBeBuiltOn": ["Forest"],
		"techRequired": "Implementation Of The War Economy",
	},
	{
		"name": "Remove Jungle",
		"turnsToBuild": 7,
		"terrainsCanBeBuiltOn": ["Jungle"],
		"techRequired": "Implementation Of The War Economy",
	},
	{
		"name": "Remove Fallout",
		"turnsToBuild": 8,
		"terrainsCanBeBuiltOn": ["Fallout"],
		"techRequired": "Special Project",
	},
	{
		"name": "Remove Marsh",
		"turnsToBuild": 6,
		"terrainsCanBeBuiltOn": ["Marsh"],
		"techRequired": "Conventional Army",
	},
	{
		"name": "Remove Road",
		"turnsToBuild": 2,
	},
	{
		"name": "Remove Railroad",
		"turnsToBuild": 2,
	},
	{
		"name": "Cancel improvement order",
	},
]
