[
  {
		"name": "Worker",
		"unitType": "Civilian",
		"movement": 2,
		"hurryCostModifier": 20,
		"uniques": ["Can build improvements on tiles"],
		"cost": 70
	},
	{
		"name": "Settler",
		"unitType": "Civilian",
		"movement": 2,
		"cost": 106,
		"uniques": ["Founds a new city"],
		"hurryCostModifier": 20
	},
	{
		"name": "Scout",
		"unitType": "Scout",
		"movement": 2,
		"strength": 5,
		"cost": 25,
		"uniques": ["Ignores terrain cost"],
		"attackSound": "nonmetalhit"
	},
	{
		"name": "Warrior",
		"unitType": "Melee",
		"movement": 2,
		"strength": 8,
		"cost": 40,
		"hurryCostModifier": 20,
		"attackSound": "nonmetalhit"
	}
]
